,antecedents,consequents,antecedent support,consequent support,support,confidence,lift,leverage,conviction,zhangs_metric
186,"frozenset({1034, 1035, 1037})",frozenset({1009}),0.0025068786303882604,0.14148578416386426,0.0025068786303882604,1.0,7.0678478824546245,0.0021521909415641435,inf,0.8606718156184872
291,"frozenset({1018, 1034, 1035, 1037})",frozenset({1009}),0.0023540201773158058,0.14148578416386426,0.0023540201773158058,1.0,7.0678478824546245,0.00202095978659072,inf,0.8605399442282352
197,"frozenset({1041, 1027, 1038})",frozenset({1026}),0.0024763069397737694,0.09844084377866096,0.0024457352491592784,0.9876543209876543,10.032972931523656,0.0022019655045529946,73.02629165392814,0.9025636703545925
202,"frozenset({1034, 1070, 1038})",frozenset({1026}),0.0023845918679302964,0.09844084377866096,0.0023540201773158058,0.9871794871794873,10.02814938684504,0.002119278941769014,70.3216141852653,0.9024326372328333
79,"frozenset({1070, 1038})",frozenset({1026}),0.004188321614185264,0.09844084377866096,0.004127178232956282,0.9854014598540146,10.010087500566714,0.003714876319239482,61.756802201161804,0.9038865408865102
195,"frozenset({1025, 1034, 1038})",frozenset({1026}),0.0020788749617853867,0.09844084377866096,0.0020483032711708957,0.9852941176470588,10.008997077091706,0.0018436570658224107,61.306022623050815,0.9019649622727609
152,"frozenset({1008, 1035, 1037})",frozenset({1009}),0.0046774686640171205,0.14148578416386426,0.0045857535921736475,0.9803921568627451,6.929262629857474,0.0039239582703432824,43.78422500764283,0.8597057468439967
131,"frozenset({1018, 1004, 1037})",frozenset({1009}),0.0046163252827881385,0.14148578416386426,0.0045246102109446655,0.9801324503311258,6.92742706359791,0.0038714658083539135,43.21188219708552,0.8596145209984701
203,"frozenset({1041, 1070, 1038})",frozenset({1026}),0.002934882298991134,0.09844084377866096,0.002873738917762152,0.9791666666666666,9.946752070393375,0.0025848266278584086,43.274839498624196,0.9021122634973363
276,"frozenset({1008, 1018, 1035, 1037})",frozenset({1009}),0.004218893304799755,0.14148578416386426,0.004127178232956282,0.9782608695652174,6.9141990154447415,0.003530264805423012,39.49165392846227,0.8589940917215878
133,"frozenset({1035, 1004, 1037})",frozenset({1009}),0.003974319779883827,0.14148578416386426,0.0038826047080403546,0.976923076923077,6.904743700551825,0.003320294957465535,37.20228268623268,0.858584320606333
7,"frozenset({1000, 1088})",frozenset({1014}),0.0025985937022317334,0.022256190767349436,0.0025374503210027514,0.9764705882352941,43.874111182934705,0.002479615523839049,41.5541118923876,0.979753496745603
182,"frozenset({1018, 1035, 1037})",frozenset({1009}),0.009079792112503822,0.14148578416386426,0.008865790278202385,0.9764309764309764,6.901265609130777,0.007581128771119912,36.42553172904747,0.8629343058393982
169,"frozenset({1008, 1070, 1038})",frozenset({1026}),0.0023845918679302964,0.09844084377866096,0.0023234484867013148,0.9743589743589746,9.897913680522379,0.002088707251154523,35.1608070926325,0.9011174049367104
263,"frozenset({1018, 1035, 1004, 1037})",frozenset({1009}),0.003576887801895445,0.14148578416386426,0.003485172730051972,0.9743589743589743,6.886621013673736,0.002979093954534634,33.48205441760927,0.8578593724516242
180,"frozenset({1018, 1034, 1037})",frozenset({1009}),0.003546316111280954,0.14148578416386426,0.003454601039437481,0.9741379310344828,6.885058713080798,0.0029528477235399495,33.19588301233059,0.8577999859901464
57,"frozenset({1035, 1037})",frozenset({1009}),0.01057780495261388,0.14148578416386426,0.01030265973708346,0.9739884393063584,6.884002128286729,0.008806050708630478,33.00510207547809,0.8638735496487102
254,"frozenset({1008, 1018, 1004, 1037})",frozenset({1009}),0.0022011617242433507,0.14148578416386426,0.0021400183430143687,0.9722222222222222,6.871518774608663,0.0018285852503883147,30.906511770100874,0.8563567445484228
165,"frozenset({1008, 1027, 1038})",frozenset({1026}),0.0021705900336288597,0.09844084377866096,0.0021094466523998777,0.9718309859154929,9.872233400402415,0.0018957719379919006,32.005350045857455,0.9006607637080384
72,"frozenset({1025, 1038})",frozenset({1026}),0.004249464995414246,0.09844084377866096,0.004127178232956282,0.9712230215827338,9.866057464587337,0.00370885731319982,31.329180678691486,0.9024774367563965
270,"frozenset({1008, 1017, 1035, 1037})",frozenset({1009}),0.0021094466523998777,0.14148578416386426,0.0020483032711708957,0.9710144927536232,6.862982726441446,0.0017498465574042605,29.618740446346663,0.8560966498044992
73,"frozenset({1027, 1038})",frozenset({1026}),0.003026597370834607,0.09844084377866096,0.002934882298991134,0.9696969696969696,9.85055524185959,0.0026369415000278987,29.751452155304108,0.9012104811260006
146,"frozenset({1008, 1018, 1037})",frozenset({1009}),0.005869764597982268,0.14148578416386426,0.005686334454295322,0.96875,6.846977636127917,0.004855846207292512,27.472454906756344,0.8589922405258428
288,"frozenset({1017, 1018, 1035, 1037})",frozenset({1009}),0.004860898807704066,0.14148578416386426,0.0047080403546316115,0.968553459119497,6.845588515081838,0.004020292275082409,27.30075206358922,0.8580916180682701
260,"frozenset({1017, 1018, 1004, 1037})",frozenset({1009}),0.002873738917762152,0.14148578416386426,0.0027820238459186795,0.9680851063829788,6.8422782691847965,0.002375430641656887,26.90011209619902,0.8563106626020534
49,"frozenset({1018, 1037})",frozenset({1009}),0.012075817792723938,0.14148578416386426,0.011678385814735555,0.9670886075949366,6.835235167335864,0.009969829264912064,26.085624250405612,0.8641343839641358
196,"frozenset({1041, 1025, 1038})",frozenset({1026}),0.0027208804646896975,0.09844084377866096,0.0026291653928462244,0.9662921348314606,9.815967618117105,0.0023613196240812955,26.74625496789966,0.9005755316699259
274,"frozenset({1008, 1034, 1018, 1037})",frozenset({1009}),0.0026597370834607155,0.14148578416386426,0.0025680220116172424,0.9655172413793103,6.824128989956188,0.0021917070246940938,24.896912259247888,0.8557371880487472
124,"frozenset({1008, 1004, 1037})",frozenset({1009}),0.004310608376643228,0.14148578416386426,0.004157749923570773,0.9645390070921985,6.8172149788214815,0.003547860117178084,24.210100886578992,0.8570067530834987
132,"frozenset({1034, 1004, 1037})",frozenset({1009}),0.0025680220116172424,0.14148578416386426,0.0024763069397737694,0.9642857142857143,6.81542474379553,0.00211296833171004,24.03839804341181,0.8554708696313551
109,"frozenset({1003, 1004, 1037})",frozenset({1009}),0.0025374503210027514,0.14148578416386426,0.0024457352491592784,0.963855421686747,6.812383501161084,0.002086722100715355,23.752226638133084,0.8553789805988904
218,"frozenset({1001, 1018, 1004, 1037})",frozenset({1009}),0.0025374503210027514,0.14148578416386426,0.0024457352491592784,0.963855421686747,6.812383501161084,0.002086722100715355,23.752226638133084,0.8553789805988904
261,"frozenset({1017, 1035, 1004, 1037})",frozenset({1009}),0.0024763069397737694,0.14148578416386426,0.0023845918679302964,0.9629629629629629,6.806075738660008,0.0020342296387259855,23.179883827575633,0.8551901682552331
155,"frozenset({1008, 1017, 1046})",frozenset({1034}),0.0024457352491592784,0.2868541730357689,0.0023540201773158058,0.9625000000000001,3.355363423212193,0.0016524508149537908,19.017222052379566,0.7036907315791778
191,"frozenset({1034, 1018, 1038})",frozenset({1026}),0.0024151635585447874,0.09844084377866096,0.0023234484867013148,0.9620253164556963,9.772623633933486,0.0020856977481346923,23.741057780495343,0.8998466101817935
178,"frozenset({1017, 1035, 1037})",frozenset({1009}),0.005594619382451849,0.14148578416386426,0.005380617548150413,0.9617486338797815,6.7974930454208415,0.004589058437725859,22.44401449971616,0.857685363488235
23,"frozenset({1004, 1037})",frozenset({1009}),0.010363803118312443,0.14148578416386426,0.00996637114032406,0.9616519174041298,6.796809468083208,0.008500040329209722,22.387409166803856,0.8618037086515936
91,"frozenset({1049, 1018, 1003})",frozenset({1001}),0.0031794558239070622,0.13607459492509935,0.003057169061449098,0.9615384615384615,7.066259958868361,0.002624525898128697,22.46206053194737,0.8612206342390971
185,"frozenset({1041, 1009, 1038})",frozenset({1026}),0.0023234484867013148,0.09844084377866096,0.0022317334148578417,0.9605263157894737,9.757396207911082,0.002003011185350711,22.839498624273915,0.8996038252398331
219,"frozenset({1001, 1035, 1004, 1037})",frozenset({1009}),0.0023234484867013148,0.14148578416386426,0.0022317334148578417,0.9605263157894737,6.788853887094573,0.0019029984837525625,21.749026801182097,0.8546855494017921
190,"frozenset({1041, 1017, 1038})",frozenset({1026}),0.003087740752063589,0.09844084377866096,0.002965453989605625,0.9603960396039604,9.756072812250169,0.0026614941846027284,22.764368694588793,0.9002795698992722
189,"frozenset({1017, 1034, 1038})",frozenset({1026}),0.003026597370834607,0.09844084377866096,0.002904310608376643,0.9595959595959596,9.747945291423552,0.0026063698094134077,22.31358911647812,0.9001386358171042
173,"frozenset({1017, 1018, 1037})",frozenset({1009}),0.006695200244573525,0.14148578416386426,0.0064200550290431065,0.9589041095890412,6.777388380435942,0.0054727793723055255,20.890512585346,0.8581963356885643
286,"frozenset({1017, 1034, 1018, 1037})",frozenset({1009}),0.0022317334148578417,0.14148578416386426,0.0021400183430143687,0.958904109589041,6.777388380435941,0.0018242597907685083,20.89051258534594,0.8543572369659326
315,"frozenset({1035, 1004, 1037, 1017, 1018})",frozenset({1009}),0.0022011617242433507,0.14148578416386426,0.0021094466523998777,0.9583333333333333,6.773354220685681,0.0017980135597738236,20.60434118006722,0.8542429869690438
19,"frozenset({1003, 1037})",frozenset({1009}),0.005044328951391012,0.14148578416386426,0.004830327117089575,0.9575757575757575,6.7679997904717,0.004116626279821534,20.23640651613746,0.856566662323443
115,"frozenset({1017, 1003, 1037})",frozenset({1009}),0.002873738917762152,0.14148578416386426,0.0027514521553041885,0.9574468085106385,6.767088398094854,0.002344858951042396,20.175084072149264,0.8546820919521434
280,"frozenset({1008, 1041, 1017, 1038})",frozenset({1026}),0.0021400183430143687,0.09844084377866096,0.0020483032711708957,0.9571428571428571,9.723025732031942,0.0018376380597827492,21.036380311831213,0.8990753950834064
303,"frozenset({1001, 1035, 1004, 1037, 1018})",frozenset({1009}),0.0021400183430143687,0.14148578416386426,0.0020483032711708957,0.9571428571428571,6.764940116063711,0.0017455210977844542,20.0319983695098,0.8540066213052384
118,"frozenset({1035, 1037, 1003})",frozenset({1009}),0.003546316111280954,0.14148578416386426,0.003393457658208499,0.9568965517241379,6.76319926683158,0.0028917043423109675,19.917529807398335,0.8551736985804606
159,"frozenset({1008, 1018, 1046})",frozenset({1034}),0.004096606542341791,0.2868541730357689,0.003913176398654845,0.9552238805970149,3.329998202528867,0.00273804771669847,15.926923468867821,0.7025777220960215
93,"frozenset({1001, 1004, 1037})",frozenset({1009}),0.003974319779883827,0.14148578416386426,0.0037908896361968816,0.9538461538461539,6.741639518649026,0.003228579885622062,18.601141343116296,0.8550664369591477
252,"frozenset({1008, 1017, 1004, 1037})",frozenset({1009}),0.0025680220116172424,0.14148578416386426,0.0024457352491592784,0.9523809523809523,6.731283697575832,0.002082396641095549,18.02879853255883,0.8536320725801508
117,"frozenset({1018, 1003, 1037})",frozenset({1009}),0.003638031183124427,0.14148578416386426,0.003454601039437481,0.9495798319327731,6.711485804347668,0.0029398713446805304,17.027198614083343,0.8541089713947305
248,"frozenset({1018, 1035, 1037, 1003})",frozenset({1009}),0.003026597370834607,0.14148578416386426,0.002873738917762152,0.9494949494949494,6.710885868189238,0.0024455184154013277,16.998581473555454,0.8535717944017062
88,"frozenset({1001, 1003, 1037})",frozenset({1009}),0.002996025680220116,0.14148578416386426,0.002843167227147661,0.9489795918367346,6.707243398655918,0.0024192721844066433,16.826878630388244,0.8534644546700272
184,"frozenset({1009, 1034, 1038})",frozenset({1026}),0.0023845918679302964,0.09844084377866096,0.0022623051054723327,0.9487179487179488,9.637442267877052,0.002027563869925541,17.580403546316138,0.8983802998880223
128,"frozenset({1017, 1004, 1037})",frozenset({1009}),0.006511770100886579,0.14148578416386426,0.006175481504127178,0.9483568075117371,6.702841653783259,0.005254158605108436,16.623957088463367,0.8563861340437519
268,"frozenset({1008, 1017, 1018, 1037})",frozenset({1009}),0.002934882298991134,0.14148578416386426,0.0027820238459186795,0.9479166666666667,6.699730805243447,0.0023667797224172743,16.48347294405383,0.8532444436657352
244,"frozenset({1008, 1034, 1035, 1003})",frozenset({1018}),0.002934882298991134,0.16294711097523693,0.0027820238459186795,0.9479166666666667,5.817327235772359,0.0023037932542457128,16.071415469275472,0.830537280221465
71,"frozenset({1024, 1038})",frozenset({1026}),0.0023234484867013148,0.09844084377866096,0.0022011617242433507,0.9473684210526315,9.623733246158876,0.00197243949473622,17.129623968205426,0.8981770886532789
112,"frozenset({1008, 1003, 1037})",frozenset({1009}),0.0023234484867013148,0.14148578416386426,0.0022011617242433507,0.9473684210526315,6.695855888641223,0.0018724267931380714,16.311770100886562,0.8526349478730431
225,"frozenset({1008, 1001, 1018, 1037})",frozenset({1009}),0.0022317334148578417,0.14148578416386426,0.0021094466523998777,0.9452054794520547,6.680568546429712,0.0017936881001540173,15.667884439009446,0.8522140559771895
30,"frozenset({1008, 1037})",frozenset({1009}),0.01433812289819627,0.14148578416386426,0.013543258942219505,0.9445628997867803,6.676026891103195,0.011514618380530348,15.486275662582583,0.8625780600014157
235,"frozenset({1001, 1018, 1035, 1037})",frozenset({1009}),0.0038520330174258636,0.14148578416386426,0.003638031183124427,0.9444444444444445,6.6751896667627015,0.0030930232710288325,15.453255885050467,0.8534791525252379
279,"frozenset({1008, 1017, 1034, 1038})",frozenset({1026}),0.0022011617242433507,0.09844084377866096,0.0020788749617853867,0.9444444444444444,9.594030365769497,0.001862190744357579,16.228064811984098,0.8977445994023567
207,"frozenset({1008, 1001, 1035, 1003})",frozenset({1018}),0.006053194741669214,0.16294711097523693,0.005716906144909813,0.9444444444444444,5.796018344798832,0.004730555549584319,15.066952002445728,0.8325070924038908
105,"frozenset({1001, 1035, 1037})",frozenset({1009}),0.00437175175787221,0.14148578416386426,0.004127178232956282,0.944055944055944,6.672443805114504,0.0035086375073239808,15.345941608070898,0.8538627490449888
104,"frozenset({1001, 1018, 1037})",frozenset({1009}),0.004860898807704066,0.14148578416386426,0.0045857535921736475,0.9433962264150945,6.667781021183608,0.003898005512624445,15.167084479771765,0.8541771374151332
231,"frozenset({1001, 1017, 1018, 1037})",frozenset({1009}),0.003057169061449098,0.14148578416386426,0.002873738917762152,0.94,6.643777009507346,0.0024411929557815217,14.308570263935582,0.8520881859761071
298,"frozenset({1001, 1035, 1003, 1008, 1009})",frozenset({1018}),0.004035463161112809,0.16294711097523693,0.0037908896361968816,0.9393939393939394,5.765023594291888,0.003133322572646552,13.811372668908602,0.8298891593178852
271,"frozenset({1008, 1009, 1034, 1035})",frozenset({1018}),0.00654234179150107,0.16294711097523693,0.006144909813512687,0.9392523364485982,5.764154582595431,0.005078854119575032,13.779178327023034,0.8319569679911618
292,"frozenset({1034, 1035, 1037})","frozenset({1009, 1018})",0.0025068786303882604,0.04500152858453072,0.0023540201773158058,0.9390243902439025,20.86649986744433,0.0022412068069724393,15.66197493121371,0.954469032254983
193,"frozenset({1034, 1035, 1037})",frozenset({1018}),0.0025068786303882604,0.16294711097523693,0.0023540201773158058,0.9390243902439025,5.762755685718209,0.0019455315469284798,13.727667380006126,0.8285489795236025
290,"frozenset({1009, 1034, 1035, 1037})",frozenset({1018}),0.0025068786303882604,0.16294711097523693,0.0023540201773158058,0.9390243902439025,5.762755685718209,0.0019455315469284798,13.727667380006126,0.8285489795236025
51,"frozenset({1026, 1037})",frozenset({1009}),0.0024763069397737694,0.14148578416386426,0.0023234484867013148,0.9382716049382717,6.631560976130265,0.001973086257497004,13.907930296545413,0.851314055465674
307,"frozenset({1001, 1035, 1008, 1009, 1017})",frozenset({1018}),0.0024763069397737694,0.16294711097523693,0.0023234484867013148,0.9382716049382717,5.758135871957011,0.001919941424977249,13.560256802201174,0.8283840174465402
216,"frozenset({1001, 1017, 1004, 1037})",frozenset({1009}),0.002965453989605625,0.14148578416386426,0.0027820238459186795,0.9381443298969073,6.630661415498669,0.0023624542627974678,13.879313156017552,0.8517111931701206
78,"frozenset({1065, 1038})",frozenset({1026}),0.0024457352491592784,0.09844084377866096,0.0022928767960868237,0.9375000000000001,9.523486024844722,0.0020521165545003706,14.42494649954145,0.8971907242823577
309,"frozenset({1001, 1035, 1037, 1017, 1018})",frozenset({1009}),0.0024151635585447874,0.14148578416386426,0.0022623051054723327,0.9367088607594938,6.620515737995471,0.0019205937955076345,13.564524610210968,0.8510096931536666
200,"frozenset({1041, 1034, 1038})",frozenset({1026}),0.005778049526138795,0.09844084377866096,0.005411189238764904,0.9365079365079366,9.513408261855469,0.004842393168016909,14.199556710486116,0.9000859418607743
42,"frozenset({1008, 1046})",frozenset({1034}),0.008988077040660349,0.2868541730357689,0.00840721491898502,0.9353741496598639,3.2608002169214694,0.005828947512304615,11.034993322499144,0.6996150049358343
284,"frozenset({1009, 1034, 1035, 1017})",frozenset({1018}),0.0023234484867013148,0.16294711097523693,0.0021705900336288597,0.9342105263157894,5.7332131924558105,0.0017919908152210942,12.72320391317638,0.8275003949048214
224,"frozenset({1008, 1001, 1035, 1009})",frozenset({1018}),0.006939773769489453,0.16294711097523693,0.006481198410272088,0.9339207048458149,5.731434569513435,0.005350382323712051,12.6674003872414,0.8312925948493232
209,"frozenset({1001, 1018, 1003, 1037})",frozenset({1009}),0.0022928767960868237,0.14148578416386426,0.0021400183430143687,0.9333333333333332,6.5966580236243155,0.0018156088715288957,12.877713237542018,0.8503578541880977
210,"frozenset({1001, 1035, 1037, 1003})",frozenset({1009}),0.0022928767960868237,0.14148578416386426,0.0021400183430143687,0.9333333333333332,6.5966580236243155,0.0018156088715288957,12.877713237542018,0.8503578541880977
113,"frozenset({1008, 1035, 1003})",frozenset({1018}),0.009538367471721185,0.16294711097523693,0.008896361968816876,0.9326923076923078,5.7238959445807485,0.007342112545879733,12.436214351225075,0.8332415835774513
232,"frozenset({1001, 1017, 1035, 1037})",frozenset({1009}),0.0027208804646896975,0.14148578416386426,0.0025374503210027514,0.9325842696629213,6.591363755547571,0.00215248441483999,12.73462753490267,0.8506007106812338
192,"frozenset({1041, 1018, 1038})",frozenset({1026}),0.0026903087740752065,0.09844084377866096,0.0025068786303882604,0.9318181818181818,9.46576792772445,0.002242042364643162,13.22286762457963,0.8967687524953233
157,"frozenset({1008, 1034, 1035})",frozenset({1018}),0.008009782940996637,0.16294711097523693,0.007459492509935799,0.9312977099236641,5.715337353021211,0.006154321520161661,12.183769829138217,0.8316938880266435
97,"frozenset({1008, 1001, 1037})",frozenset({1009}),0.003087740752063589,0.14148578416386426,0.002873738917762152,0.9306930693069306,6.577997039116185,0.002436867496161715,12.387133685635662,0.8506044865567071
228,"frozenset({1008, 1001, 1034, 1035})",frozenset({1018}),0.003087740752063589,0.16294711097523693,0.002873738917762152,0.9306930693069306,5.711626697378931,0.0023706004827728847,12.077477398785856,0.8274735535092452
53,"frozenset({1037, 1030})",frozenset({1009}),0.0022011617242433507,0.14148578416386426,0.0020483032711708957,0.9305555555555555,6.577025112839719,0.0017368701785448416,12.362604708040339,0.8498261800867591
215,"frozenset({1008, 1001, 1035, 1004})",frozenset({1018}),0.00437175175787221,0.16294711097523693,0.0040660348517273,0.93006993006993,5.70780251643291,0.0033536705328811103,11.969856313054098,0.8284228857524719
278,"frozenset({1008, 1017, 1034, 1035})",frozenset({1018}),0.0021705900336288597,0.16294711097523693,0.0020177315805564046,0.9295774647887324,5.704780276405148,0.0016640402054649396,11.886151024151632,0.8265024088119158
138,"frozenset({1034, 1004, 1038})",frozenset({1026}),0.00342402934882299,0.09844084377866096,0.0031794558239070622,0.9285714285714286,9.432786157941438,0.002842391485686028,12.621828187098753,0.8970583376988678
294,"frozenset({1001, 1035, 1004, 1003, 1008})",frozenset({1018}),0.002996025680220116,0.16294711097523693,0.0027820238459186795,0.9285714285714286,5.698606271777004,0.0022938301169191924,11.718740446346688,0.8269961977186312
163,"frozenset({1008, 1018, 1060})",frozenset({1052}),0.005136044023234485,0.025741363497401408,0.004769183735860593,0.9285714285714285,36.07312521208008,0.004636974959719858,13.639620911036365,0.9772979770521408
301,"frozenset({1001, 1035, 1004, 1009, 1017})",frozenset({1018}),0.0025680220116172424,0.16294711097523693,0.0023845918679302964,0.9285714285714285,5.698606271777003,0.0019661401002164505,11.71874044634667,0.82664132900141
9,"frozenset({1049, 1003})",frozenset({1001}),0.0046468969734026295,0.13607459492509935,0.004310608376643228,0.9276315789473684,6.817081318213529,0.0036782837533287953,11.937878324671345,0.8572934106900985
12,"frozenset({1001, 1037})",frozenset({1009}),0.00749006420055029,0.14148578416386426,0.006939773769489453,0.926530612244898,6.548577425784488,0.005880036162636908,11.685332382214071,0.8536892661768588
242,"frozenset({1008, 1009, 1035, 1003})",frozenset({1018}),0.006206053194741669,0.16294711097523693,0.005747477835524304,0.9261083743842364,5.683490605273616,0.004736219396882509,11.32811576480179,0.8291978356216565
38,"frozenset({1008, 1064})",frozenset({1026}),0.003271170895750535,0.09844084377866096,0.003026597370834607,0.9252336448598132,9.398879665641147,0.0027045805477127266,12.058353714460427,0.8965370665214238
227,"frozenset({1008, 1001, 1035, 1017})",frozenset({1018}),0.003271170895750535,0.16294711097523693,0.003026597370834607,0.9252336448598132,5.678122424646246,0.0024935695238657795,11.195582390706221,0.8265893607733316
246,"frozenset({1009, 1034, 1035, 1003})",frozenset({1018}),0.0024457352491592784,0.16294711097523693,0.0022623051054723327,0.925,5.676688555347092,0.0018637796124115272,11.160705186996847,0.8258607979723518
151,"frozenset({1008, 1034, 1037})",frozenset({1009}),0.005655762763680831,0.14148578416386426,0.005227759095077958,0.9243243243243244,6.532983718376978,0.004427549065413792,11.344652137834666,0.8517478682614814
281,"frozenset({1008, 1041, 1034, 1038})",frozenset({1026}),0.004035463161112809,0.09844084377866096,0.0037297462549678996,0.9242424242424243,9.388810464897423,0.0033324918563502524,11.900580862121686,0.8971104909377645
77,"frozenset({1064, 1038})",frozenset({1026}),0.0024151635585447874,0.09844084377866096,0.0022317334148578417,0.9240506329113926,9.38686217469927,0.0019939826762912193,11.870528890247655,0.8956312238593186
212,"frozenset({1001, 1034, 1035, 1003})",frozenset({1018}),0.0027820238459186795,0.16294711097523693,0.0025680220116172424,0.923076923076923,5.6648867080386776,0.002114699263260576,10.88168755732191,0.8257712784982167
221,"frozenset({1001, 1035, 1004, 1037})",frozenset({1018}),0.0023234484867013148,0.16294711097523693,0.0021400183430143687,0.9210526315789473,5.652463710871927,0.0017614191246066032,10.602669927646996,0.8250028454110087
266,"frozenset({1008, 1009, 1035, 1017})",frozenset({1018}),0.005013757260776521,0.16294711097523693,0.0046163252827881385,0.9207317073170732,5.6504942113211,0.0037993480220134867,10.559744138466247,0.8271715672529518
229,"frozenset({1008, 1001, 1018, 1046})",frozenset({1034}),0.0022928767960868237,0.2868541730357689,0.0021094466523998777,0.9199999999999999,3.207204518810615,0.0014517253751854886,8.91432283705288,0.6897835745831695
80,"frozenset({1064, 1041})",frozenset({1026}),0.003026597370834607,0.09844084377866096,0.0027820238459186795,0.9191919191919192,9.337505489679403,0.002484083046955444,11.156794558239076,0.8956156841839588
148,"frozenset({1008, 1009, 1038})",frozenset({1026}),0.003026597370834607,0.09844084377866096,0.0027820238459186795,0.9191919191919192,9.337505489679403,0.002484083046955444,11.156794558239076,0.8956156841839588
83,"frozenset({1027, 1070})",frozenset({1041}),0.003393457658208499,0.04585753592173647,0.00311831244267808,0.918918918918919,20.03855855855856,0.002962696836217892,11.767757056965257,0.9533313003105472
74,"frozenset({1034, 1038})",frozenset({1026}),0.01088352185875879,0.09844084377866096,0.00999694283093855,0.9185393258426966,9.33087619512876,0.008925559755878835,11.067415848786089,0.9026529718354616
81,"frozenset({1064, 1070})",frozenset({1026}),0.0037297462549678996,0.09844084377866096,0.00342402934882299,0.9180327868852459,9.325730577334284,0.003056869980403649,10.99902170590034,0.8961120657910888
302,"frozenset({1001, 1035, 1004, 1037, 1009})",frozenset({1018}),0.0022317334148578417,0.16294711097523693,0.0020483032711708957,0.9178082191780821,5.632552879796448,0.0016846487587529105,10.184143483134603,0.8243002287944412
256,"frozenset({1008, 1034, 1004, 1038})",frozenset({1026}),0.0025985937022317334,0.09844084377866096,0.0023845918679302964,0.9176470588235294,9.321812203142127,0.00212878411124469,10.947504039830541,0.8950505943609391
98,"frozenset({1008, 1001, 1035})",frozenset({1018}),0.009935799449709569,0.16294711097523693,0.009110363803118313,0.9169230769230771,5.627120796651755,0.00749135398755879,10.075636627149942,0.8305413165636175
75,"frozenset({1064, 1034})",frozenset({1026}),0.0036686028737389176,0.09844084377866096,0.003362885967594008,0.9166666666666667,9.311853002070395,0.0030017456052143284,10.81870987465608,0.8958966777315964
55,"frozenset({1034, 1037})",frozenset({1009}),0.00843778660959951,0.14148578416386426,0.007734637725466218,0.9166666666666666,6.478860558916739,0.006540810870399678,10.302170590033624,0.8528480214365396
300,"frozenset({1001, 1035, 1004, 1008, 1009})",frozenset({1018}),0.003271170895750535,0.16294711097523693,0.002996025680220116,0.9158878504672897,5.620767652680121,0.0024629978332512885,9.951628791738848,0.8247863756121103
59,"frozenset({1040, 1037})",frozenset({1009}),0.0025374503210027514,0.14148578416386426,0.0023234484867013148,0.9156626506024097,6.47176432610303,0.0019644353382573913,10.179525702057045,0.8476334582433341
233,"frozenset({1001, 1034, 1035, 1009})",frozenset({1018}),0.0025374503210027514,0.16294711097523693,0.0023234484867013148,0.9156626506024097,5.619385609982143,0.0019099782876507289,9.925055684150768,0.8241358061534441
101,"frozenset({1001, 1037, 1017})",frozenset({1009}),0.005044328951391012,0.14148578416386426,0.0046163252827881385,0.9151515151515153,6.468151698488778,0.003902624445520098,10.118203258068757,0.8496824061233605
2,frozenset({1037}),frozenset({1009}),0.03546316111280954,0.14148578416386426,0.032436563741974934,0.9146551724137931,6.464643623520997,0.027419030582999618,10.059358488585028,0.8763920650165574
64,"frozenset({1017, 1046})",frozenset({1034}),0.003576887801895445,0.2868541730357689,0.003271170895750535,0.9145299145299145,3.1881352983345947,0.0022451257032960878,8.343806175481502,0.6888007888856359
187,"frozenset({1017, 1034, 1035})",frozenset({1018}),0.002843167227147661,0.16294711097523693,0.0025985937022317334,0.913978494623656,5.609050011095645,0.002135307816548547,9.730739834912878,0.824059629677054
58,"frozenset({1036, 1037})",frozenset({1009}),0.0024763069397737694,0.14148578416386426,0.0022623051054723327,0.9135802469135803,6.457046213600521,0.001911942876268022,9.934235926103863,0.8472284230658683
135,"frozenset({1017, 1004, 1038})",frozenset({1026}),0.0024151635585447874,0.09844084377866096,0.0022011617242433507,0.9113924050632912,9.258275021621198,0.0019634109856767282,10.174739048783694,0.8941480323754847
127,"frozenset({1008, 1004, 1046})",frozenset({1034}),0.0027208804646896975,0.2868541730357689,0.0024763069397737694,0.9101123595505617,3.1727352958434265,0.0016958110241460278,7.933747324977062,0.6866829327922898
69,"frozenset({1018, 1060})",frozenset({1052}),0.0063894833384286155,0.025741363497401408,0.005808621216753286,0.909090909090909,35.316346361476995,0.005644147203578205,10.716845001528569,0.9779329866773329
243,"frozenset({1008, 1017, 1035, 1003})",frozenset({1018}),0.0026903087740752065,0.16294711097523693,0.0024457352491592784,0.909090909090909,5.579055091250212,0.002007357206792392,9.20758177927238,0.8229722273312489
156,"frozenset({1008, 1018, 1038})",frozenset({1026}),0.003332314276979517,0.09844084377866096,0.003026597370834607,0.908256880733945,9.226423158014702,0.002698561541673065,9.826994802812596,0.8945967140501051
153,"frozenset({1008, 1017, 1035})",frozenset({1018}),0.005992051360440232,0.16294711097523693,0.005441760929379395,0.9081632653061225,5.573362177891795,0.004465373471380421,9.114575902714087,0.8255216594683845
120,"frozenset({1034, 1035, 1003})",frozenset({1018}),0.003974319779883827,0.16294711097523693,0.003607459492509936,0.9076923076923078,5.570471929571368,0.002959855566286127,9.068072964434943,0.8237558656137175
154,"frozenset({1008, 1017, 1038})",frozenset({1026}),0.003638031183124427,0.09844084377866096,0.003301742586365026,0.9075630252100839,9.2193747064043,0.002943611727005177,9.75323087184902,0.8947880407792654
144,"frozenset({1008, 1009, 1035})",frozenset({1018}),0.02243962091103638,0.16294711097523693,0.020360745949250993,0.9073569482288829,5.568413841757366,0.0167042745504181,9.035247360943773,0.8392480546596134
238,"frozenset({1008, 1035, 1004, 1003})",frozenset({1018}),0.003913176398654845,0.16294711097523693,0.003546316111280954,0.9062500000000001,5.561620544090057,0.002908675322383665,8.928564149597483,0.8234184730727141
100,"frozenset({1008, 1001, 1046})",frozenset({1034}),0.003576887801895445,0.2868541730357689,0.003240599205136044,0.9059829059829059,3.158339641340813,0.0022145540126815967,7.585278341346813,0.6858310819142204
174,"frozenset({1017, 1074, 1018})",frozenset({1009}),0.0025985937022317334,0.14148578416386426,0.0023540201773158058,0.9058823529411766,6.402638669988307,0.0019863561096322697,9.121713543258954,0.8460128377369757
141,"frozenset({1008, 1017, 1037})",frozenset({1009}),0.006817487007031489,0.14148578416386426,0.006175481504127178,0.9058295964125561,6.402265794869211,0.005210904008910372,9.116603339593256,0.8495974170323117
34,"frozenset({1008, 1035})",frozenset({1018}),0.027208804646896973,0.16294711097523693,0.02464078263527973,0.9056179775280899,5.557741847081393,0.020207186524978268,8.868774657524279,0.8430080493096247
27,"frozenset({1064, 1004})",frozenset({1026}),0.0022623051054723327,0.09844084377866096,0.0020483032711708957,0.9054054054054053,9.19745677354373,0.0018256000477034266,9.530768222911284,0.8932951982336144
208,"frozenset({1001, 1035, 1009, 1003})",frozenset({1018}),0.006756343625802507,0.16294711097523693,0.006114338122898196,0.9049773755656109,5.5538104980771354,0.00501341144831772,8.808985165451078,0.8255209455508017
87,"frozenset({1001, 1002, 1035})",frozenset({1018}),0.0025680220116172424,0.16294711097523693,0.0023234484867013148,0.9047619047619049,5.552488162244261,0.001904996718987469,8.789055334760024,0.8220115051928233
63,"frozenset({1017, 1038})",frozenset({1026}),0.005778049526138795,0.09844084377866096,0.005227759095077958,0.9047619047619048,9.19091984619935,0.004658963024329963,9.46637114032406,0.896376268613479
179,"frozenset({1009, 1034, 1035})",frozenset({1018}),0.007704066034851727,0.16294711097523693,0.006970345460103944,0.9047619047619048,5.55248816224426,0.005714990156962406,8.789055334760013,0.8262661706950846
167,"frozenset({1008, 1034, 1064})",frozenset({1026}),0.0022317334148578417,0.09844084377866096,0.0020177315805564046,0.9041095890410958,9.184293371905046,0.0017980378601087663,9.401974057736817,0.8931116477765986
14,"frozenset({1049, 1018})",frozenset({1001}),0.006022623051054723,0.13607459492509935,0.005441760929379395,0.9035532994923858,6.640132200942697,0.004622234937320557,8.957542357881868,0.8545472044544326
295,"frozenset({1001, 1035, 1004, 1003, 1009})",frozenset({1018}),0.003485172730051972,0.16294711097523693,0.0031488841332925712,0.9035087719298246,5.544797735426747,0.0025809853056809233,8.67491175898391,0.8225173855389966
220,"frozenset({1001, 1035, 1004, 1017})",frozenset({1018}),0.003454601039437481,0.16294711097523693,0.00311831244267808,0.9026548672566372,5.539557356090921,0.0025553951837296923,8.598816041799845,0.8223209521867465
86,"frozenset({1018, 1002, 1003})",frozenset({1001}),0.0025068786303882604,0.13607459492509935,0.0022623051054723327,0.9024390243902439,6.63194349310377,0.0019211826113158623,8.855235402017733,0.8513488663359938
162,"frozenset({1008, 1035, 1037})",frozenset({1018}),0.0046774686640171205,0.16294711097523693,0.004218893304799755,0.9019607843137254,5.535297796416878,0.0034567132993209644,8.537939468052574,0.8231916999082545
137,"frozenset({1035, 1004, 1037})",frozenset({1018}),0.003974319779883827,0.16294711097523693,0.003576887801895445,0.9000000000000001,5.523264540337712,0.002929283875671636,8.370528890247641,0.8222154014050883
125,"frozenset({1008, 1035, 1004})",frozenset({1018}),0.007337205747477835,0.16294711097523693,0.006603485172730052,0.9,5.523264540337712,0.005407908693547635,8.370528890247632,0.8250008554905383
312,"frozenset({1035, 1004, 1008, 1009, 1017})",frozenset({1018}),0.0024457352491592784,0.16294711097523693,0.0022011617242433507,0.9,5.523264540337712,0.0018026362311825452,8.370528890247632,0.8209554942622671
275,"frozenset({1008, 1009, 1035, 1037})",frozenset({1018}),0.0045857535921736475,0.16294711097523693,0.004127178232956282,0.8999999999999999,5.523264540337711,0.0033799429334672717,8.370528890247623,0.8227204477204477
311,"frozenset({1035, 1004, 1003, 1008, 1009})",frozenset({1018}),0.0027514521553041885,0.16294711097523693,0.0024763069397737694,0.8999999999999999,5.523264540337711,0.002027965760080363,8.370528890247623,0.8212071667007288
217,"frozenset({1001, 1035, 1004, 1009})",frozenset({1018}),0.005778049526138795,0.16294711097523693,0.005197187404463467,0.8994708994708995,5.520017471236984,0.004255670927107313,8.326473475035806,0.8235999544185928
262,"frozenset({1009, 1035, 1004, 1037})",frozenset({1018}),0.0038826047080403546,0.16294711097523693,0.003485172730051972,0.8976377952755905,5.50876778301399,0.0028525135098179427,8.17736283893422,0.8216613873018488
139,"frozenset({1041, 1004, 1038})",frozenset({1026}),0.003576887801895445,0.09844084377866096,0.0032100275145215532,0.8974358974358975,9.1164994425864,0.0028579156612013657,8.790201773158058,0.8935047402816556
299,"frozenset({1001, 1035, 1003, 1009, 1017})",frozenset({1018}),0.0023845918679302964,0.16294711097523693,0.0021400183430143687,0.8974358974358975,5.507528743926493,0.001751455987280083,8.161265667991442,0.8203866493888557
255,"frozenset({1008, 1017, 1035, 1004})",frozenset({1018}),0.002965453989605625,0.16294711097523693,0.0026597370834607155,0.8969072164948454,5.504284249821087,0.0021765249231244887,8.119413023540204,0.8207572539122154
160,"frozenset({1018, 1034, 1052})",frozenset({1008}),0.0026597370834607155,0.3312442678080098,0.0023845918679302964,0.8965517241379309,2.706618079977085,0.0015035692051575402,6.464638744522565,0.632216770140934
76,"frozenset({1041, 1038})",frozenset({1026}),0.012350963008254357,0.09844084377866096,0.011066952002445736,0.8960396039603961,9.10231535575918,0.009851112782434149,8.672140455081454,0.9012693877229929
230,"frozenset({1001, 1017, 1035, 1009})",frozenset({1018}),0.004402323448486701,0.16294711097523693,0.003943748089269336,0.8958333333333333,5.4976938711694805,0.003226402201759886,8.03570773463772,0.8217230411514934
166,"frozenset({1008, 1034, 1038})",frozenset({1026}),0.007551207581779272,0.09844084377866096,0.006756343625802507,0.8947368421052632,9.08908139915005,0.006012996379904333,8.564811984102722,0.8967494215133609
257,"frozenset({1008, 1041, 1004, 1038})",frozenset({1026}),0.0023234484867013148,0.09844084377866096,0.0020788749617853867,0.894736842105263,9.089081399150048,0.0018501527322782564,8.564811984102713,0.8920505138992534
211,"frozenset({1001, 1035, 1017, 1003})",frozenset({1018}),0.0036991745643534086,0.16294711097523693,0.003301742586365026,0.8925619834710744,5.477617725954755,0.0026989727781105573,7.791030736307412,0.8204739613343743
31,"frozenset({1009, 1052})",frozenset({1008}),0.005686334454295322,0.3312442678080098,0.005074900642005503,0.8924731182795699,2.69430509450159,0.0031913349491809895,6.219428309385507,0.6324430670659515
296,"frozenset({1001, 1035, 1004, 1003, 1017})",frozenset({1018}),0.0022623051054723327,0.16294711097523693,0.0020177315805564046,0.8918918918918918,5.473505400334668,0.0016490954994751593,7.74273922347905,0.8191549023758853
308,"frozenset({1001, 1035, 1037, 1009, 1017})",frozenset({1018}),0.0025374503210027514,0.16294711097523693,0.0022623051054723327,0.8915662650602411,5.471507041298403,0.0018488349064217468,7.719487754339489,0.8193139656344977
116,"frozenset({1009, 1035, 1003})",frozenset({1018}),0.010119229593396515,0.16294711097523693,0.00901864873127484,0.8912386706948641,5.469496607585179,0.007369749503735756,7.696236285199906,0.8255214590331356
253,"frozenset({1008, 1009, 1035, 1004})",frozenset({1018}),0.005900336288596759,0.16294711097523693,0.005258330785692449,0.8911917098445596,5.4692084106971,0.004296888033683255,7.692914646751397,0.8220083090705328
168,"frozenset({1008, 1041, 1038})",frozenset({1026}),0.006695200244573525,0.09844084377866096,0.005961479669825741,0.8904109589041096,9.045137411724667,0.005302398508482826,8.22672730051972,0.8954385001290297
10,"frozenset({1049, 1004})",frozenset({1001}),0.003057169061449098,0.13607459492509935,0.0027208804646896975,0.89,6.540530217928556,0.0023048774230354655,7.853867318862735,0.8497048882089662
147,"frozenset({1009, 1018, 1052})",frozenset({1008}),0.003057169061449098,0.3312442678080098,0.0027208804646896975,0.89,2.6868389478541763,0.0017082107373646905,6.07959756538173,0.6297406530705065
265,"frozenset({1017, 1035, 1004, 1037})",frozenset({1018}),0.0024763069397737694,0.16294711097523693,0.0022011617242433507,0.888888888888889,5.455076089222431,0.001797654662519285,7.533476001222872,0.818711882068099
46,"frozenset({1017, 1037})",frozenset({1009}),0.018862733109140935,0.14148578416386426,0.016753286456741057,0.8881685575364667,6.2774402586468945,0.014084477871320566,7.676859002476747,0.8568621622242474
126,"frozenset({1008, 1004, 1038})",frozenset({1026}),0.004096606542341791,0.09844084377866096,0.003638031183124427,0.8880597014925374,9.021252433484753,0.0032347577784671185,8.053928462243972,0.8928081301282793
103,"frozenset({1001, 1035, 1009})",frozenset({1018}),0.011984102720880465,0.16294711097523693,0.010638948333842862,0.8877551020408163,5.448118084006586,0.008686173417844913,7.4573802840387975,0.8263534857980998
237,"frozenset({1001, 1017, 1035, 1037})",frozenset({1018}),0.0027208804646896975,0.16294711097523693,0.0024151635585447874,0.8876404494382022,5.447414465501613,0.001971803947514641,7.449770712320388,0.8186541324820268
66,"frozenset({1034, 1035})",frozenset({1018}),0.009935799449709569,0.16294711097523693,0.008804646896973403,0.8861538461538462,5.438291239717131,0.00718563708141388,7.352491592785083,0.8243088792822466
269,"frozenset({1008, 1017, 1034, 1037})",frozenset({1009}),0.0032100275145215532,0.14148578416386426,0.002843167227147661,0.8857142857142856,6.260093838745523,0.002388993967067999,7.511999388566178,0.8429639230080485
15,"frozenset({1018, 1077})",frozenset({1001}),0.0023845918679302964,0.13607459492509935,0.0021094466523998777,0.8846153846153847,6.500959162158893,0.0017849642799095766,7.487353510649144,0.8481991536715096
314,"frozenset({1035, 1004, 1037, 1009, 1017})",frozenset({1018}),0.0023845918679302964,0.16294711097523693,0.0021094466523998777,0.8846153846153847,5.4288497618704,0.001720884296665592,7.254458371547951,0.8177489154417643
171,"frozenset({1009, 1035, 1017})",frozenset({1018}),0.008957505350045858,0.16294711097523693,0.007918067869153163,0.8839590443686006,5.424821827635446,0.006458468250817962,7.213426367183984,0.8230344843850104
65,"frozenset({1018, 1038})",frozenset({1026}),0.00498318557016203,0.09844084377866096,0.004402323448486701,0.8834355828220859,8.974278855313798,0.003911774456254303,7.7344285507409625,0.8930205207511871
177,"frozenset({1017, 1034, 1037})",frozenset({1009}),0.004952613879547539,0.14148578416386426,0.00437175175787221,0.8827160493827161,6.238902760438341,0.003671027299463589,7.3199633139712645,0.8438948909023876
258,"frozenset({1009, 1035, 1004, 1017})",frozenset({1018}),0.004157749923570773,0.16294711097523693,0.0036686028737389176,0.8823529411764706,5.414965235625207,0.002991109535535548,7.114949556710484,0.8187306850044002
277,"frozenset({1008, 1035, 1037})","frozenset({1009, 1018})",0.0046774686640171205,0.04500152858453072,0.004127178232956282,0.8823529411764705,19.607177109974423,0.003916684993169269,8.117487007031478,0.9534580376979861
273,"frozenset({1018, 1009, 1034, 1035})",frozenset({1008}),0.006970345460103944,0.3312442678080098,0.006144909813512687,0.881578947368421,2.6614164622446745,0.0038360228352116712,5.647270627399026,0.6286420860416837
305,"frozenset({1001, 1035, 1004, 1037})","frozenset({1009, 1018})",0.0023234484867013148,0.04500152858453072,0.0020483032711708957,0.8815789473684209,19.58997783180778,0.0019437445376819218,8.064431536397286,0.9511634692871367
234,"frozenset({1001, 1009, 1035, 1037})",frozenset({1018}),0.004127178232956282,0.16294711097523693,0.003638031183124427,0.8814814814814815,5.409617121812245,0.0029655194135843176,7.062633751146441,0.8185222208607158
108,"frozenset({1001, 1035, 1037})",frozenset({1018}),0.00437175175787221,0.16294711097523693,0.0038520330174258636,0.8811188811188811,5.407391857673284,0.0031396686985796732,7.041091948855361,0.8186468823002737
214,"frozenset({1001, 1018, 1003, 1037})",frozenset({1035}),0.0022928767960868237,0.05475389789055335,0.0020177315805564046,0.8799999999999999,16.07191513121161,0.0018921876385878476,7.877050850912049,0.9399348162179478
194,"frozenset({1041, 1020, 1038})",frozenset({1026}),0.0022928767960868237,0.09844084377866096,0.0020177315805564046,0.8799999999999999,8.939378881987578,0.001792018854069105,7.512992968511153,0.8901764697689318
213,"frozenset({1001, 1035, 1037, 1003})",frozenset({1018}),0.0022928767960868237,0.16294711097523693,0.0020177315805564046,0.8799999999999999,5.400525328330206,0.0016441139308118993,6.975440741873019,0.8167054333746536
54,"frozenset({1074, 1030})",frozenset({1009}),0.005319474166921431,0.14148578416386426,0.0046774686640171205,0.8793103448275863,6.214831758710101,0.003924838690170823,7.113403502642273,0.8435820111177
56,"frozenset({1009, 1046})",frozenset({1034}),0.0025068786303882604,0.2868541730357689,0.0022011617242433507,0.8780487804878049,3.0609587136050407,0.0014820531278222854,5.847795781106695,0.6749971054172966
175,"frozenset({1017, 1074, 1030})",frozenset({1009}),0.002996025680220116,0.14148578416386426,0.0026291653928462244,0.8775510204081632,6.202397121337731,0.0022052703501052066,7.011199429328441,0.8412925474714686
264,"frozenset({1035, 1004, 1037})","frozenset({1009, 1018})",0.003974319779883827,0.04500152858453072,0.003485172730051972,0.876923076923077,19.486517558528433,0.003306322264873464,7.759362580250694,0.952467879336155
21,"frozenset({1035, 1003})",frozenset({1018}),0.024151635585447875,0.16294711097523693,0.02115560990522776,0.8759493670886076,5.375666753746408,0.017220170661252303,6.747671248260845,0.8341219740101699
107,"frozenset({1001, 1034, 1035})",frozenset({1018}),0.004188321614185264,0.16294711097523693,0.0036686028737389176,0.875912408759124,5.375439941934512,0.002986127966872288,6.7456615174348515,0.8173922164573931
239,"frozenset({1009, 1035, 1004, 1003})",frozenset({1018}),0.0046774686640171205,0.16294711097523693,0.004096606542341791,0.8758169934640522,5.374854382027983,0.0033344265368630004,6.740478527409928,0.8177735581086488
130,"frozenset({1009, 1035, 1004})",frozenset({1018}),0.009844084377866096,0.16294711097523693,0.008621216753286457,0.875776397515528,5.374605246291355,0.007017151643716714,6.738275756649348,0.8220319757689784
106,"frozenset({1001, 1035, 1017})",frozenset({1018}),0.0063894833384286155,0.16294711097523693,0.005594619382451849,0.8755980861244018,5.373510956309415,0.0045534715318304945,6.728617454083667,0.8191357878353638
48,"frozenset({1009, 1035})",frozenset({1018}),0.032833995719963316,0.16294711097523693,0.028737389177621524,0.8752327746741154,5.371269054332142,0.02338718443328021,6.708916438899965,0.8414525063017354
287,"frozenset({1009, 1017, 1035, 1037})",frozenset({1018}),0.005380617548150413,0.16294711097523693,0.0047080403546316115,0.875,5.36984052532833,0.0038312842698978392,6.696423112198104,0.8181770279883025
90,"frozenset({1001, 1035, 1003})",frozenset({1018}),0.017548150412717824,0.16294711097523693,0.015346988688474473,0.8745644599303135,5.36716763308078,0.012487568275763191,6.673171643058524,0.8282156412934272
52,"frozenset({1009, 1038})",frozenset({1026}),0.0045551819015591565,0.09844084377866096,0.003974319779883827,0.8724832214765099,8.863020551085913,0.0035259038299290586,7.070121804051546,0.8912313692879399
142,"frozenset({1008, 1017, 1074})",frozenset({1009}),0.002843167227147661,0.14148578416386426,0.0024763069397737694,0.8709677419354839,6.155867510524995,0.002074039195131783,6.653485172730052,0.8399414529346773
22,"frozenset({1004, 1045})",frozenset({1008}),0.0025985937022317334,0.3312442678080098,0.0022623051054723327,0.8705882352941177,2.6282363799234507,0.0014015358372460767,5.16765793057447,0.6211307859583721
245,"frozenset({1009, 1035, 1017, 1003})",frozenset({1018}),0.003515744420666463,0.16294711097523693,0.003057169061449098,0.8695652173913043,5.33648747858716,0.00248428866517419,6.417405482523182,0.8154778340236233
188,"frozenset({1017, 1035, 1037})",frozenset({1018}),0.005594619382451849,0.16294711097523693,0.004860898807704066,0.8688524590163934,5.332113308522745,0.003949271742327473,6.382528278813816,0.8170280597077262
136,"frozenset({1034, 1035, 1004})",frozenset({1018}),0.0027820238459186795,0.16294711097523693,0.0024151635585447874,0.868131868131868,5.3276910706554235,0.001961840810188121,6.347651075104449,0.81456757554908
68,"frozenset({1040, 1035})",frozenset({1018}),0.0025374503210027514,0.16294711097523693,0.0022011617242433507,0.8674698795180723,5.323628472614661,0.0017876915251927648,6.315944526277758,0.8142242450867209
62,"frozenset({1017, 1035})",frozenset({1018}),0.01125038214613268,0.16294711097523693,0.009752369306022622,0.8668478260869565,5.3198109552165755,0.007919152037942917,6.2864380236961805,0.8212629171497645
41,"frozenset({1034, 1045})",frozenset({1008}),0.006144909813512687,0.3312442678080098,0.005319474166921431,0.8656716417910448,2.6133935766483685,0.0032840080149981665,4.97851489520704,0.6211728105002221
26,"frozenset({1004, 1038})",frozenset({1026}),0.007184347294405381,0.09844084377866096,0.006206053194741669,0.8638297872340426,8.775115633672526,0.005498819985081464,6.62082505350046,0.8924530806190439
18,"frozenset({1002, 1035})",frozenset({1018}),0.003576887801895445,0.16294711097523693,0.003087740752063589,0.8632478632478633,5.297718125110245,0.002504897218462161,6.120949250993582,0.8141516142839393
61,"frozenset({1010, 1038})",frozenset({1026}),0.0026597370834607155,0.09844084377866096,0.0022928767960868237,0.8620689655172414,8.757228528592847,0.002031050033361556,6.536303882604711,0.8881709223553934
16,"frozenset({1001, 1038})",frozenset({1026}),0.002873738917762152,0.09844084377866096,0.0024763069397737694,0.8617021276595744,8.753502048367913,0.002193413655909687,6.518966206523527,0.8883127874829289
119,"frozenset({1017, 1035, 1003})",frozenset({1018}),0.005074900642005503,0.16294711097523693,0.00437175175787221,0.8614457831325302,5.286658830443726,0.0035448113597710386,6.041338242526553,0.8149805577902923
181,"frozenset({1009, 1035, 1037})",frozenset({1018}),0.01030265973708346,0.16294711097523693,0.008865790278202385,0.8605341246290802,5.281064018127057,0.007187001638683741,6.001847310666921,0.819082952268653
170,"frozenset({1008, 1070, 1038})",frozenset({1041}),0.0023845918679302964,0.04585753592173647,0.0020483032711708957,0.858974358974359,18.731367521367524,0.0019389517639286013,6.765737472554962,0.9488762976000116
134,"frozenset({1017, 1035, 1004})",frozenset({1018}),0.005197187404463467,0.16294711097523693,0.0044634668297156834,0.8588235294117648,5.270566162675202,0.0036166001569614714,5.929124630592074,0.8145001726010558
129,"frozenset({1017, 1074, 1004})",frozenset({1009}),0.003240599205136044,0.14148578416386426,0.0027820238459186795,0.858490566037736,6.067680729277084,0.002323525126219211,6.0668337919086985,0.837907706328759
67,"frozenset({1035, 1037})",frozenset({1018}),0.01057780495261388,0.16294711097523693,0.009079792112503822,0.8583815028901735,5.267853463327875,0.007356169355015837,5.910618359236084,0.8188307913311003
60,"frozenset({1074, 1076})",frozenset({1009}),0.0046468969734026295,0.14148578416386426,0.003974319779883827,0.8552631578947367,6.04486989946777,0.0033168499176732687,5.931552763958751,0.8384667362860126
0,frozenset({1049}),frozenset({1001}),0.010486089880770407,0.13607459492509935,0.008957505350045858,0.8542274052478135,6.277640625849467,0.007530614917171842,5.926528278813822,0.849613609108253
122,"frozenset({1035, 1037, 1003})",frozenset({1018}),0.003546316111280954,0.16294711097523693,0.003026597370834607,0.853448275862069,5.237578443423692,0.002448735405896439,5.711655007463088,0.8119515087055126
205,"frozenset({1001, 1035, 1004, 1003})",frozenset({1018}),0.007031488841332926,0.16294711097523693,0.005992051360440232,0.8521739130434782,5.229757729015417,0.004846290567890416,5.662416602226337,0.8145137981300895
316,"frozenset({1017, 1035, 1004, 1037})","frozenset({1009, 1018})",0.0024763069397737694,0.04500152858453072,0.0021094466523998777,0.8518518518518519,18.92939814814815,0.0019980090548655767,6.446239682054418,0.9495234300775385
6,frozenset({1064}),frozenset({1026}),0.009905227759095078,0.09844084377866096,0.00843778660959951,0.8518518518518519,8.653439153439153,0.0074627076311743765,6.085524304494039,0.8932872228740815
45,"frozenset({1008, 1060})",frozenset({1052}),0.007948639559767655,0.025741363497401408,0.006756343625802507,0.8500000000000001,33.020783847981,0.006551734805584703,6.495057576683994,0.9774857246442491
150,"frozenset({1009, 1034, 1035})",frozenset({1008}),0.007704066034851727,0.3312442678080098,0.00654234179150107,0.8492063492063492,2.5636861728232283,0.003990414078642052,4.434906434536355,0.6146721312891484
267,"frozenset({1008, 1017, 1018, 1035})",frozenset({1009}),0.005441760929379395,0.14148578416386426,0.0046163252827881385,0.848314606741573,5.995758596913754,0.003846393470462616,5.659834459956746,0.8377744012416098
158,"frozenset({1035, 1034, 1018})",frozenset({1008}),0.008804646896973403,0.3312442678080098,0.007459492509935799,0.8472222222222222,2.557696251858688,0.004543003695239779,4.377310247074845,0.6144330251367469
44,"frozenset({1034, 1060})",frozenset({1008}),0.0025985937022317334,0.3312442678080098,0.0022011617242433507,0.8470588235294118,2.5572029642498437,0.0013403924560170947,4.372633633563012,0.6105342699020859
247,"frozenset({1009, 1035, 1037, 1003})",frozenset({1018}),0.003393457658208499,0.16294711097523693,0.002873738917762152,0.8468468468468469,5.1970657336511,0.002320784796140284,5.465462981279336,0.8103335632929609
222,"frozenset({1001, 1018, 1004, 1037})",frozenset({1035}),0.0025374503210027514,0.05475389789055335,0.0021400183430143687,0.8433734939759037,15.402985476243332,0.0020010830472358323,6.035032805775701,0.9374562697853224
110,"frozenset({1035, 1004, 1003})",frozenset({1018}),0.009293793946805259,0.16294711097523693,0.00782635279730969,0.8421052631578946,5.167966821368617,0.0063119559236786285,5.301334963823494,0.8140660680120965
289,"frozenset({1017, 1035, 1037})","frozenset({1009, 1018})",0.005594619382451849,0.04500152858453072,0.0047080403546316115,0.8415300546448089,18.700032668092188,0.004456273930572635,6.026369664449346,0.9518493926524179
4,frozenset({1035}),frozenset({1018}),0.05475389789055335,0.16294711097523693,0.04607153775603791,0.8414293690675599,5.163818885966208,0.037149548280139125,5.278738465645598,0.853052841604043
47,"frozenset({1017, 1074})",frozenset({1009}),0.009630082543564658,0.14148578416386426,0.00810149801284011,0.8412698412698413,5.945967266191985,0.006738978232601124,5.408639559767655,0.8399071601429291
33,"frozenset({1017, 1045})",frozenset({1008}),0.003638031183124427,0.3312442678080098,0.003057169061449098,0.8403361344537815,2.536907702628813,0.0018520920859323396,4.188522743728781,0.6080313583504648
96,"frozenset({1001, 1004, 1046})",frozenset({1034}),0.0026597370834607155,0.2868541730357689,0.0022317334148578417,0.8390804597701149,2.9251115676308705,0.0014687767332891505,4.431691924706293,0.659887826010643
143,"frozenset({1009, 1018, 1034})",frozenset({1008}),0.01247324977071232,0.3312442678080098,0.010455518190155916,0.8382352941176471,2.5305654333722414,0.006323825702669887,4.134126344459576,0.612470902350297
183,"frozenset({1035, 1037})","frozenset({1009, 1018})",0.01057780495261388,0.04500152858453072,0.008865790278202385,0.838150289017341,18.62492931641116,0.008389772886265742,5.900526269817005,0.9564254024267066
25,"frozenset({1035, 1004})",frozenset({1018}),0.016050137572607766,0.16294711097523693,0.013451543870376031,0.838095238095238,5.143357455552577,0.010836220322164494,5.170032549858828,0.8187149575606931
50,"frozenset({1074, 1018})",frozenset({1009}),0.0047080403546316115,0.14148578416386426,0.003943748089269336,0.8376623376623376,5.920469979458743,0.003277627307819165,5.288447569550593,0.8350258255066284
304,"frozenset({1001, 1004, 1037, 1009, 1018})",frozenset({1035}),0.0024457352491592784,0.05475389789055335,0.0020483032711708957,0.8375,15.29571468453378,0.0019143897330711015,5.816899089904288,0.9369136542235191
99,"frozenset({1008, 1001, 1078})",frozenset({1018}),0.0024457352491592784,0.16294711097523693,0.0020483032711708957,0.8375,5.13970450281426,0.00164977777811009,5.15109470169085,0.8074109989433769
161,"frozenset({1008, 1018, 1070})",frozenset({1034}),0.0024457352491592784,0.2868541730357689,0.0020483032711708957,0.8375,2.919601939678141,0.0013467339088088807,4.388589704395269,0.6590995375558615
1,frozenset({1085}),frozenset({1001}),0.0026291653928462244,0.13607459492509935,0.0022011617242433507,0.8372093023255814,6.152576113023988,0.0018433991084207111,5.306970345460106,0.8396740981417906
140,"frozenset({1008, 1017, 1035})",frozenset({1009}),0.005992051360440232,0.14148578416386426,0.005013757260776521,0.836734693877551,5.913913534298767,0.004165967175294485,5.258399571996329,0.8359160856786645
240,"frozenset({1017, 1035, 1004, 1003})",frozenset({1018}),0.002996025680220116,0.16294711097523693,0.0025068786303882604,0.836734693877551,5.135007849293563,0.0020186849013887733,5.126948945276672,0.8076781552802649
95,"frozenset({1001, 1035, 1004})",frozenset({1018}),0.010638948333842862,0.16294711097523693,0.008896361968816876,0.8362068965517241,5.13176877789998,0.007162776074002371,5.110428164572236,0.8137933187517242
70,"frozenset({1020, 1038})",frozenset({1026}),0.003913176398654845,0.09844084377866096,0.003271170895750535,0.8359375,8.491775038819876,0.00288595450921221,5.4952177141110194,0.8857049101705717
285,"frozenset({1018, 1017, 1034, 1035})",frozenset({1009}),0.0025985937022317334,0.14148578416386426,0.0021705900336288597,0.8352941176470589,5.903731760638569,0.0018029259659453237,5.212407739005111,0.8327796665047758
241,"frozenset({1018, 1009, 1034, 1003})",frozenset({1008}),0.003332314276979517,0.3312442678080098,0.0027820238459186795,0.834862385321101,2.520382890987837,0.0016782138431344219,4.049687489384832,0.6052517771483448
20,"frozenset({1074, 1003})",frozenset({1009}),0.0038520330174258636,0.14148578416386426,0.0032100275145215532,0.8333333333333334,5.889873235378854,0.0026650196024259588,5.151085295016816,0.8334274490547507
198,"frozenset({1026, 1027, 1038})",frozenset({1041}),0.002934882298991134,0.04585753592173647,0.0024457352491592784,0.8333333333333333,18.17222222222222,0.002311148778707224,5.724854784469579,0.9477524989268412
236,"frozenset({1001, 1035, 1037})","frozenset({1009, 1018})",0.00437175175787221,0.04500152858453072,0.003638031183124427,0.8321678321678322,18.491990346609914,0.003441295671428068,5.690199225517172,0.9500760294291819
121,"frozenset({1018, 1003, 1037})",frozenset({1035}),0.003638031183124427,0.05475389789055335,0.003026597370834607,0.8319327731092436,15.194037413960558,0.0028274009829111634,5.624214307551205,0.9375957110300949
249,"frozenset({1009, 1018, 1003, 1037})",frozenset({1035}),0.003454601039437481,0.05475389789055335,0.002873738917762152,0.831858407079646,15.192679227010172,0.002684586045196193,5.621726817808813,0.9374172274044277
114,"frozenset({1008, 1018, 1076})",frozenset({1003}),0.002904310608376643,0.09073677774380923,0.0024151635585447874,0.831578947368421,9.164739679387147,0.0021516357723735287,5.39875038214613,0.8934810999831172
310,"frozenset({1001, 1017, 1035, 1037})","frozenset({1009, 1018})",0.0027208804646896975,0.04500152858453072,0.0022623051054723327,0.8314606741573034,18.476276257938448,0.002139861325465508,5.666324263731785,0.9484571785543552
28,"frozenset({1004, 1046})",frozenset({1034}),0.004891470498318557,0.2868541730357689,0.0040660348517273,0.83125,2.8978138655014387,0.0026628961270032704,4.226049344973222,0.6581315038748945
92,"frozenset({1018, 1003, 1078})",frozenset({1001}),0.0045246102109446655,0.13607459492509935,0.0037603179455823906,0.831081081081081,6.107540364448925,0.003144633443934127,5.1144383980434105,0.8400689516384753
32,"frozenset({1008, 1074})",frozenset({1009}),0.005197187404463467,0.14148578416386426,0.004310608376643228,0.8294117647058824,5.862156184859424,0.0035752802412761563,5.032669541108383,0.8337474444982063
43,"frozenset({1034, 1052})",frozenset({1008}),0.005533476001222868,0.3312442678080098,0.0045857535921736475,0.8287292817679558,2.5018675409902937,0.002752821385715385,3.904670565379039,0.60363880434894
11,"frozenset({1008, 1049})",frozenset({1001}),0.003026597370834607,0.13607459492509935,0.0025068786303882604,0.8282828282828283,6.086976255477716,0.0020950356191505705,5.0310950060244215,0.8382518692256317
313,"frozenset({1035, 1004, 1008, 1017, 1018})",frozenset({1009}),0.0026597370834607155,0.14148578416386426,0.0022011617242433507,0.8275862068965517,5.849253419962447,0.001824846737320202,4.979382451849587,0.8312489143651207
145,"frozenset({1008, 1018, 1035})",frozenset({1009}),0.02464078263527973,0.14148578416386426,0.020360745949250993,0.8263027295285359,5.840181997164739,0.01687442549568711,4.942588985456608,0.8497099782831979
37,"frozenset({1008, 1038})",frozenset({1026}),0.014704983185570161,0.09844084377866096,0.01213696117395292,0.8253638253638255,8.384363580015755,0.010689390221414371,5.162499454076957,0.8938747766397473
282,"frozenset({1008, 1026, 1034, 1053})",frozenset({1038}),0.0024457352491592784,0.03393457658208499,0.0020177315805564046,0.825,24.311486486486483,0.0019347365904443044,5.52037384810237,0.9612180648037222
102,"frozenset({1001, 1074, 1017})",frozenset({1009}),0.002965453989605625,0.14148578416386426,0.0024457352491592784,0.8247422680412371,5.829152892746081,0.0020261656660380666,4.898581113888538,0.8309125195474196
251,"frozenset({1008, 1017, 1035, 1004})",frozenset({1009}),0.002965453989605625,0.14148578416386426,0.0024457352491592784,0.8247422680412371,5.829152892746081,0.0020261656660380666,4.898581113888538,0.8309125195474196
29,"frozenset({1008, 1035})",frozenset({1009}),0.027208804646896973,0.14148578416386426,0.02243962091103638,0.8247191011235955,5.828989152496285,0.018589961849408768,4.8979336672702605,0.8516150964981839
201,"frozenset({1034, 1053, 1038})",frozenset({1026}),0.003301742586365026,0.09844084377866096,0.0027208804646896975,0.8240740740740742,8.371261789740052,0.002395854138547986,5.12465204588972,0.8834606548574603
272,"frozenset({1008, 1018, 1034, 1035})",frozenset({1009}),0.007459492509935799,0.14148578416386426,0.006144909813512687,0.8237704918032788,5.822284526120408,0.005089497666279949,4.871569038698075,0.8344708417500988
84,"frozenset({1034, 1060})",frozenset({1052}),0.0025985937022317334,0.025741363497401408,0.0021400183430143687,0.8235294117647058,31.99245493922034,0.0020731269979431637,5.520798940181391,0.9712665571975917
259,"frozenset({1017, 1018, 1035, 1004})",frozenset({1009}),0.0044634668297156834,0.14148578416386426,0.0036686028737389176,0.821917808219178,5.809190040373664,0.003037085769247197,4.820887519695223,0.8315706506162224
164,"frozenset({1018, 1060, 1052})",frozenset({1008}),0.005808621216753286,0.3312442678080098,0.004769183735860593,0.8210526315789474,2.4786923469263837,0.0028451112539430792,3.7371643857787684,0.6000469139306778
111,"frozenset({1018, 1076, 1004})",frozenset({1003}),0.0027208804646896975,0.09073677774380923,0.0022317334148578417,0.8202247191011236,9.039605984433205,0.00198484948886582,5.057776673800061,0.8918021965008672
226,"frozenset({1001, 1034, 1035, 1009})",frozenset({1008}),0.0025374503210027514,0.3312442678080098,0.0020788749617853867,0.8192771084337349,2.4733321842978744,0.001238359088105631,3.700448384795678,0.5972025154193839
13,"frozenset({1001, 1035})",frozenset({1018}),0.02959339651482727,0.16294711097523693,0.024243350657291347,0.8192148760330579,5.027489417456159,0.0194211921912556,4.630098266148404,0.8255236119905262
82,"frozenset({1027, 1038})",frozenset({1041}),0.003026597370834607,0.04585753592173647,0.0024763069397737694,0.8181818181818181,17.84181818181818,0.002337514642120088,5.247783552430447,0.9468175360052333
176,"frozenset({1017, 1034, 1035})",frozenset({1009}),0.002843167227147661,0.14148578416386426,0.0023234484867013148,0.817204301075269,5.775875688887651,0.0019211807420593282,4.696577768985923,0.8292237015569859
149,"frozenset({1008, 1034, 1035})",frozenset({1009}),0.008009782940996637,0.14148578416386426,0.00654234179150107,0.816793893129771,5.77297498795912,0.005409071371111818,4.686056761438908,0.8334548793526149
89,"frozenset({1001, 1074, 1003})",frozenset({1009}),0.0026291653928462244,0.14148578416386426,0.0021400183430143687,0.813953488372093,5.752899439207252,0.0017680288157110263,4.614513910119229,0.8283524837105023
39,"frozenset({1008, 1056})",frozenset({1032}),0.004096606542341791,0.04420666462855396,0.003332314276979517,0.8134328358208955,18.40068330546438,0.003151216965447073,5.1230522775909515,0.9495441006831167
172,"frozenset({1017, 1018, 1035})",frozenset({1009}),0.009752369306022622,0.14148578416386426,0.007918067869153163,0.8119122257053292,5.738472105190431,0.006538246250434952,4.5644339141954555,0.8338697924694035
24,"frozenset({1074, 1004})",frozenset({1009}),0.005839192907367777,0.14148578416386426,0.004738612045246102,0.8115183246073298,5.73568807214904,0.003912449257863097,4.55489486735283,0.8305024655561165
250,"frozenset({1035, 1037, 1003})","frozenset({1009, 1018})",0.003546316111280954,0.04500152858453072,0.002873738917762152,0.8103448275862069,18.00705116191904,0.0027141492719105604,5.0354464856452,0.9478274946831358
35,"frozenset({1008, 1048})",frozenset({1018}),0.004341180067257719,0.16294711097523693,0.003515744420666463,0.8098591549295775,4.970073725656,0.002808361670483533,4.402278157093199,0.8022785769974261
3,frozenset({1062}),frozenset({1017}),0.004310608376643228,0.15616019565881994,0.003485172730051972,0.8085106382978724,5.177443809460337,0.002812027282546817,4.406718978226164,0.8103475859349624
199,"frozenset({1027, 1038})","frozenset({1041, 1026})",0.003026597370834607,0.028156527055946193,0.0024457352491592784,0.8080808080808081,28.699590914574628,0.0023605167783999183,5.063815990603228,0.9680863052344302
223,"frozenset({1001, 1034, 1018, 1009})",frozenset({1008}),0.003974319779883827,0.3312442678080098,0.0032100275145215532,0.8076923076923078,2.438358595719002,0.0018935568689990442,3.477529807398351,0.592241807711421
306,"frozenset({1001, 1018, 1004, 1037})","frozenset({1009, 1035})",0.0025374503210027514,0.032833995719963316,0.0020483032711708957,0.8072289156626505,24.58515626752821,0.001964988638191472,5.017173647202689,0.9617654822098171
94,"frozenset({1001, 1074, 1004})",frozenset({1009}),0.0025374503210027514,0.14148578416386426,0.0020483032711708957,0.8072289156626505,5.705371182222407,0.0016892901227269722,4.453542494649953,0.8268245922134811
85,"frozenset({1000, 1018, 1003})",frozenset({1001}),0.0026903087740752065,0.13607459492509935,0.0021705900336288597,0.8068181818181818,5.9292344927595435,0.0018045073569731354,4.4720844497994845,0.833586769837343
40,"frozenset({1034, 1035})",frozenset({1008}),0.009935799449709569,0.3312442678080098,0.008009782940996637,0.8061538461538461,2.4337141031557272,0.0047186063271903635,3.449930364482488,0.5950173662059641
283,"frozenset({1008, 1034, 1053, 1038})",frozenset({1026}),0.0025068786303882604,0.09844084377866096,0.0020177315805564046,0.8048780487804877,8.176261172549614,0.0017709523329302902,4.620490675634361,0.8799005130376958
297,"frozenset({1035, 1004, 1003, 1017, 1018})",frozenset({1001}),0.0025068786303882604,0.13607459492509935,0.0020177315805564046,0.8048780487804877,5.9149766289844425,0.0016766090863999342,4.427617701008865,0.8330259193628079
5,frozenset({1038}),frozenset({1026}),0.03393457658208499,0.09844084377866096,0.027300519718740448,0.8045045045045045,8.172466565944827,0.02395997136672841,4.611662043344177,0.9084663415878775
206,"frozenset({1001, 1034, 1003, 1009})",frozenset({1008}),0.00281259553653317,0.3312442678080098,0.0022623051054723327,0.8043478260869567,2.428261872755362,0.0013306489563333264,3.4180848534257295,0.5898417885664191
123,"frozenset({1008, 1035, 1004})",frozenset({1009}),0.007337205747477835,0.14148578416386426,0.005900336288596759,0.8041666666666667,5.683727672140594,0.004862225979843246,4.383902378737715,0.8301501106641285
204,"frozenset({1017, 1018, 1003, 1004})",frozenset({1001}),0.00623662488535616,0.13607459492509935,0.005013757260776521,0.8039215686274509,5.907947542081312,0.004165111055801887,4.406019565881992,0.8359499859688193
36,"frozenset({1018, 1060})",frozenset({1008}),0.0063894833384286155,0.3312442678080098,0.005136044023234485,0.8038277511961722,2.426691808179676,0.00301956429312522,3.4090231226372176,0.5916969954038044
293,"frozenset({1003, 1004, 1008, 1017, 1018})",frozenset({1001}),0.00342402934882299,0.13607459492509935,0.0027514521553041885,0.8035714285714286,5.905374394197131,0.0022855287486514483,4.398165698563131,0.8335167120000545
8,"frozenset({1002, 1003})",frozenset({1001}),0.0038826047080403546,0.13607459492509935,0.00311831244267808,0.8031496062992126,5.9022744601319355,0.002589988579777205,4.3887410577804955,0.8338111477595979
17,"frozenset({1049, 1034})",frozenset({1001}),0.003240599205136044,0.13607459492509935,0.0025985937022317334,0.8018867924528302,5.8929941543770115,0.0021576304780782474,4.3607663303780715,0.8330064156689544
